Contact Name,Company Name,Email,Website,Description,Products Requested,Language Spoken,,Country
Sales Dept,MetalExportUSA,info@metalexportusa.com,www.metalexportusa.com,"Large-scale exporter of copper and aluminum scrap. Handles full container loads (min 44,000 lbs) with operations in USA, Canada, and India.",Copper and Aluminium scrap,English,,USA
Sourcing Team,SCG International,scginternational@scg.com,scginternational.com,"Global supply chain partner specializing in non-ferrous metals and scrap sourcing (Copper cathode/scrap, Aluminium ingots/billets/UBC) in 50 countries.",Copper and Aluminium scrap,English,Los contacte,USA
Marketing Desk,Glencore Marketing,info@glencore.com,www.glencore.com,"Major global producer and exporter of cobalt hydroxide, copper, and nickel. Operates large-scale assets in DRC, Australia, and Canada.","Cobalt (hydroxides), Copper and Aluminium scrap, Nickel MHP/concentrate",English / French / Spanish,Los contacte,USA
Sales Team,Albemarle Corporation,albsales@albemarle.com,www.albemarle.com,"World's leading producer of lithium and spodumene concentrate with major mining operations in Australia (Greenbushes, Wodgina) and Chile.",Lithium (concentrate),English / Spanish,Los contaxte,USA
Business Development,Trafigura,enquiries@trafigura.com,www.trafigura.com,"Top-tier global commodities trader and exporter of non-ferrous concentrates including copper, nickel MHP, and cobalt.","Nickel MHP/concentrate, Cobalt (hydroxides), Copper and Aluminium scrap",English / French / Spanish,Los contacte,USA
Sales & Marketing,Australian Strategic Materials (ASM),info@asm-au.com,asm-au.com,"Specialized producer and exporter of high-purity rare earth oxides, specifically Dysprosium and Terbium from their Korean Metals Plant.",Rare earth oxides (dysprosium and terbium),English / Korean,Los contacte,USA
Customer Support,MP Materials,info@mpmaterials.com,mpmaterials.com,Leading US-based rare earth producer. Commissioning heavy rare earth separation for Dysprosium and Terbium (expected 2026).,Rare earth oxides (dysprosium and terbium),English,Los contacte,USA
Investor/Sales,PT Vale Indonesia Tbk,ptvi.investorrelation@vale.com,www.vale.com/indonesia,Major nickel producer in Indonesia. Developing significant nickel MHP capacity (120 kilotonnes) for global export.,Nickel MHP/concentrate,English / Indonesian,Los contacte,USA
Sales Dept,International Metal Corporation,info@internationalmetal.com,www.internationalmetal.com,Specializes in recycling and international trade of copper and aluminum scrap for global industrial consumers.,Copper and Aluminium scrap,English,,USA
Sales Team,Molycorp (MP Materials),info@mpmaterials.com,mpmaterials.com,Key supplier of rare earth compounds including terbium and dysprosium oxides.,Rare earth oxides (dysprosium and terbium),English,,USA
Chemical Sales,Todini Chemicals,info@todini.com,www.todini.com,"International distributor of non-ferrous metal oxides and salts, including battery-grade cobalt hydroxide.",Cobalt (hydroxides),English / Italian / Spanish,,USA
Industrial Sales,London Chemicals & Resources Ltd (LCR),info@lcrl.net,lcrl.net,International stockist and supplier of industrial inorganic chemicals including cobalt and nickel compounds.,"Cobalt (hydroxides), Nickel MHP/concentrate",English,,USA
Trading Team,Tradeasia International,contact@chemtradeasia.com,www.chemtradeasia.com,"Global chemical trading company exporting cobalt hydroxide and other battery materials across Asia, EU, and Middle East.",Cobalt (hydroxides),English / Chinese,,USA
Sales Dept,United Metals,info@unitedmetals.in,unitedmetals.in,Sources and exports lithium concentrates (spodumene) from mining operations in Zimbabwe and Tanzania.,Lithium (concentrate),English,,India
Marketing Team,Pilbara Minerals,shareholders@pilbaraminerals.com.au,www.pilbaraminerals.com.au,"Operates one of the world's largest independent hard-rock lithium operations (Pilgangoora), exporting spodumene concentrate.",Lithium (concentrate),English,,Australia
,Arizona Lithium,info@arizonalithium.com,https://arizonalithium.com,Lithium,,English,,USA
,E3 Lithium,invest@e3lithium.ca,https://e3lithium.ca,Lithium,,English,,Canada
,Avalon Advanced Materials,info@avalonam.com,https://avalonadvancedmaterials.com,Lithium & Rare Earths,,English,,USA
,Lithium Argentina,info@lithiumargentina.com,https://lithiumargentina.com,Lithium,,English,,USA
,Argentina Lithium & Energy,info@argentinalithium.com,https://argentinalithium.com,Lithium,,English,,USA
,American Salars Lithium,info@americansalars.com,https://americansalars.com,Lithium,,English,,USA
,Ion Energy,info@ionenergy.ca,https://ionenergy.ca,Lithium,,English,,Canada
,International Lithium Corp,info@internationallithium.com,https://internationallithium.com,Lithium,,English,,USA
,Sayona Mining,info@sayonamining.com.au,https://sayonamining.com.au,Lithium,,English,,Australia
,Lake Resources,info@lakeresources.com.au,https://lakeresources.com.au,Lithium,,English,,Australia
,Abitibi Metals,info@abitibimetals.com,https://abitibimetals.com,Copper,,English,,USA
,Cascade Copper,info@cascadecopper.com,https://cascadecopper.com,Copper,,English,,USA
,Koryx Copper,info@koryxcopper.com,https://koryxcopper.com,Copper,,English,,USA
,World Copper Ltd,info@worldcopperltd.com,https://worldcopperltd.com,Copper,,English,,USA
,Libero Copper,info@liberocopper.com,https://liberocopper.com,Copper,,English,,USA
,Solaris Resources,info@solarisresources.com,https://solarisresources.com,Copper,,English,,USA
,McEwen Mining,info@mcewenmining.com,https://mcewenmining.com,Copper (Argentina),,English,,USA
,First Quantum Minerals,info@first-quantum.com,https://first-quantum.com,Copper (Argentina),,English,,USA
,Lundin Mining,info@lundinmining.com,https://lundinmining.com,Copper,,English,,USA
,Canada Nickel Company,info@canadanickel.com,https://canadanickel.com,Nickel & Cobalt,,English,,USA
,Talon Metals Corp,info@talonmetals.com,https://talonmetals.com,Nickel,,English,,USA
,Tartisan Nickel,info@tartisannickel.com,https://tartisannickel.com,Nickel,,English,,USA
,Jervois Global,info@jervoisglobal.com,https://jervoisglobal.com,Cobalt,,English,,USA
,Electra Battery Materials,info@electrabmc.com,https://electrabmc.com,Cobalt,,English,,USA
,Red Metal Resources,info@redmetalresources.com,https://redmetalresources.com,Copper & Cobalt,,English,,USA
,Ucore Rare Metals,info@ucore.com,https://ucore.com,Rare Earths,,English,,USA
,Search Minerals,info@searchminerals.ca,https://searchminerals.ca,Rare Earths,,English,,Canada
,Ganfeng Lithium LATAM,info@ganfenglithium.com,https://ganfenglithium.com,Lithium,,English,,USA
,Rio Tinto,info@riotinto.com,https://riotinto.com,Lithium & Copper,,English,,USA
,Critica Limited,admin@critica.limited,https://critica.limited,Critical Metals,,English,,USA
,Triple M Metal LP,info@triplemmetal.com,https://triplemmetal.com,Aluminum Scrap,,English,,USA
,ABC Recycling,info@abcrecycling.com,https://abcrecycling.com,Aluminum Scrap,,English,,USA
,AIM Recycling,info@aim-recycling.com,https://aim-recycling.com,Aluminum Scrap,,English,,USA
,Attar Metals,info@attarmetals.com,https://attarmetals.com,Aluminum Scrap,,English,,USA
,Gerdau Ameristeel,info@gerdau.com,https://gerdau.com,Industrial Recycling,,English,,USA
,Metro Recycling,info@metrorecycling.ca,https://metrorecycling.ca,Aluminum Scrap,,English,,Canada
,Tal Metal Inc.,info@talmetal.ca,https://talmetal.ca,Aluminum Scrap,,English,,Canada
,Peel Scrap Metal,info@peelscrapmetal.com,https://peelscrapmetal.com,Aluminum Scrap,,English,,USA
,Sims Limited,info@simsltd.com,https://simsltd.com,Aluminum Scrap,,English,,USA
,Globe Metal,info@globemetal.com,https://globemetal.com,Industrial Metals,,English,,USA
,Arzyz Metales,info@arzyz.com,https://arzyz.com,Aluminum,,English,,USA
,Reciclar S.A.,info@reciclarsas.com.ar,https://reciclarsas.com.ar,Metal Recycling,,Español,,Argentina
,OmniSource,info@omnisource.com,https://omnisource.com,Aluminum Scrap,,English,,USA
,SA Recycling,info@sarecycling.com,https://sarecycling.com,Aluminum Scrap,,English,,USA
,David J. Joseph (DJJ),info@djj.com,https://djj.com,Scrap Trader,,English,,USA
,Andean Drilling Services,info@andeandrilling.ca,https://andeandrilling.ca,Mining Services,,English,,Canada
,Automation Now,info@automationnow.ca,https://automationnow.ca,Technical Solutions,,English,,Canada
,B & D Manufacturing,sales@bdmfg.com,https://bdmfg.com,Mine Construction,,English,,USA
,B2B Industrial Inc.,sales@b2bii.com,https://b2bii.com,Mine Supplies,,English,,USA
,Belco Custom Containers,info@belcocustom.com,https://belcocustom.com,Modular Mining,,English,,USA
,Borealis,info@borealismining.com,https://borealismining.com,Exploration Services,,English,,USA
,Borgford Equipment,sales@borgfordequipment.ca,https://borgfordequipment.ca,Mining Equipment,,English,,Canada
,CDDA,info@cdda.ca,https://cdda.ca,Industrial Association,,English,,Canada
,Caron Controls Ltd.,info@caroncontrols.ca,https://caroncontrols.ca,Technical Team,,English,,Canada
,Ceres Environmental,info@ceresenv.ca,https://ceresenv.ca,Mining Solutions,,English,,Canada
,Collision Tech Solutions,info@collisionts.com,https://collisionts.com,Safety Dept.,,English,,USA
,Condor Signal & Comm,info@condorsignal.com,https://condorsignal.com,Communication,,English,,USA
,Covergalls Inc.,info@covergalls.com,https://covergalls.com,Safety Gear,,English,,USA
,Creighton Rock Drill,sales@crdl.ca,https://crdl.ca,Drilling Equipment,,English,,Canada
,CTL Critical Logistics,info@ctl-logic.ca,https://ctl-logic.ca,Logistics,,English,,Canada
,DBS Data Buoy Systems,info@databuoy.com,https://databuoy.com,Tech Team,,English,,USA
,Dorland Geomatics,info@dorlandgeomatics.ca,https://dorlandgeomatics.ca,Geomatics,,English,,Canada
,DP Diamond Blades,sales@dpdiamondblades.com,https://dpdiamondblades.com,Sales Dept.,,English,,USA
,Dr Tarp,info@drtarp.com,https://drtarp.com,Industrial Sales,,English,,USA
,Dr. Clean Inc.,info@dr-clean.ca,https://dr-clean.ca,Maintenance Team,,English,,Canada
,Ebert Welding Ltd.,info@ebertwelding.com,https://ebertwelding.com,Welding Tech,,English,,USA
,Equipment North,sales@equipmentnorth.com,https://equipmentnorth.com,Rental Dept.,,English,,USA
,Equipment World Inc.,sales@equipworld.com,https://equipworld.com,Sales Team,,English,,USA
,Fabrithane,info@fabrithane.com,https://fabrithane.com,Sales Dept.,,English,,USA
,FiComm,info@ficomm.ca,https://ficomm.ca,Tech Support,,English,,Canada
,Flowcore Mining,info@flowcore.ca,https://flowcore.ca,Operations,,English,,Canada
,Gillis Custom Containers,info@gilliscontainers.com,https://gilliscontainers.com,Fabrications,,English,,USA
,Hancon Mining,info@hanconmining.ca,https://hanconmining.ca,Contracting,,English,,Canada
,Hardrock Canada Supply,sales@hardrockcanada.ca,https://hardrockcanada.ca,Sales Team,,English,,Canada
,Ionic Technology Group,info@ionictechgroup.com,https://ionictechgroup.com,Engineering,,English,,USA
,Jannatec Technologies,info@jannatec.com,https://jannatec.com,Tech Sales,,English,,USA
,J.L. Richards & Assoc,info@jlrichards.ca,https://jlrichards.ca,Engineering,,English,,Canada
,Kelley's Tech Resources,info@ktr-cw.ca,https://ktr-cw.ca,Technical Sales,,English,,Canada
,Kun Aviation,info@kunaviation.com,https://kunaviation.com,Logistics,,English,,USA
,Kubota Inc.,sales@kubota.ca,https://kubota.ca,Equipment Sales,,English,,Canada
,Laari Bros Contracting,info@laaribros.ca,https://laaribros.ca,General Contr.,,English,,Canada
,Leasemaster,info@leasemaster.ca,https://leasemaster.ca,Fleet Sales,,English,,Canada
,Manulift,info@manulift.ca,https://manulift.ca,Sales Team,,English,,Canada
,Miller Technology,sales@millertechnology.com,https://millertechnology.com,Sales Dept.,,English,,USA
,Mine Tailing Solutions,info@minetailingsolutions.com,https://minetailingsolutions.com,Engineering,,English,,USA
,Minewise Technology,info@jannatec.com,https://minewise.ca,Tech Support,,English,,Canada
,Mirarco Mining,info@mirarco.org,https://mirarco.org,Research Dept.,,English,,USA
,Mobile Parts Inc.,info@mobileparts.com,https://mobileparts.com,Parts Sales,,English,,USA
,Moving Media,info@movingmedia.ca,https://movingmedia.ca,Digital Media,,English,,Canada
,MST Global,info@mst-intl.com,https://mst-intl.com,Tech Sales,,English,,USA
,MX Drilling,info@mxdrilling.com,https://mxdrilling.com,Drilling Dept.,,English,,USA
,Nor-Ont Supply,info@norontsupply.com,https://norontsupply.com,Industrial Sales,,English,,USA
,Noront Solutions,info@norontsolutions.ca,https://norontsolutions.ca,Consulting,,English,,Canada
,NPS (Nuclear Promo Sol),info@nuclearpromotionalsolutions.com,https://nuclearpromotionalsolutions.com,Sales Team,,English,,USA
,Northern Polymer Prod,info@npp-inc.com,https://npp-inc.com,Sales Dept.,,English,,USA
,Oremaster,info@oremaster.com,https://oremaster.com,Software Team,,English,,USA
,PAG Equipment,info@pagequipment.com,https://pagequipment.com,Sales & Service,,English,,USA
,Performance Drilling,info@performancedrilling.ca,https://performancedrilling.ca,Drilling Team,,English,,Canada
,Pinnacle Biz Solutions,info@pinnaclebiz.ca,https://pinnaclebiz.ca,HR Dept.,,English,,Canada
,PMP (Precision Mining),info@precisionmining.ca,https://precisionmining.ca,Engineering,,English,,Canada
,Pneuma-Tool,info@pneumatool.ca,https://pneumatool.ca,Tools Dept.,,English,,Canada
,Pro-Pipe,info@pro-pipe.ca,https://pro-pipe.ca,Operations,,English,,Canada
,Proficient Training,info@proficienttraining.ca,https://proficienttraining.ca,Safety Team,,English,,Canada
,ReadyQuip,sales@readyquip.com,https://readyquip.com,Sales Team,,English,,USA
,Rector Machine Works,info@rectormachine.com,https://rectormachine.com,Machine Shop,,English,,USA
,Rep Giwaydin Security,info@repgiwaydin.com,https://repgiwaydin.com,Security Dept.,,English,,USA
,Rise Controls Inc.,info@risecontrols.com,https://risecontrols.com,Automation,,English,,USA
,Rocvent Inc.,info@rocvent.com,https://rocvent.com,Ventilation,,English,,USA
,SafeSight Exploration,info@safesightxp.com,https://safesightxp.com,Mike Campigotto,,English,,USA
,Shaba Testing Services,info@shabatestingservices.com,https://shabatestingservices.com,Geotechnical,,English,,USA
,Smart Modular Canada,info@smartmod.ca,https://smartmod.ca,Sales Dept.,,English,,Canada
,Sofvie Inc.,info@sofvie.com,https://sofvie.com,Gus Minor,,English,,USA
,Steenhof,info@steenhof.ca,https://steenhof.ca,Engineering,,English,,Canada
,Story Environmental,info@storyenvironmental.com,https://storyenvironmental.com,Envir. Team,,English,,USA
,Stride Systems,info@stride-systems.com,https://stride-systems.com,Operations,,English,,USA
,Superior Strategies Inc.,info@superior-strategies.ca,https://superior-strategies.ca,Admin,,English,,Canada
,Symx.ai,info@symbioticware.com,https://symbioticware.com,Tech Support,,English,,USA
,Synterra Security Sol,info@synterra.ca,https://synterra.ca,Security Team,,English,,Canada
,TBT Engineering,info@tbte.ca,https://tbte.ca,Consulting,,English,,Canada
,Teleco,info@teleco.ca,https://teleco.ca,IT Support,,English,,Canada
,Thunder Bay Hydraulics,sales@thunderbayhydraulics.com,https://thunderbayhydraulics.com,Sales Team,,English,,USA
,Tim McDowell Equipment,sales@tmequipment.ca,https://tmequipment.ca,Sales Dept.,,English,,Canada
,TIME Limited,sales@timeltd.ca,https://timeltd.ca,Mining Sales,,English,,Canada
,Timmins Mechanical Sol,info@timminsmechanicalsolutions.com,https://timminsmechanicalsolutions.com,Shop Manager,,English,,USA
,TKG Group,info@tkggroup.ca,https://tkggroup.ca,Administration,,English,,Canada
,Topsteel,info@topsteel.ca,https://topsteel.ca,Safety Team,,English,,Canada
,Tracks and Wheels,sales@tracksandwheels.com,https://tracksandwheels.com,Sales Dept.,,English,,USA
,Turn-Key Communications,info@turnkeycommunications.ca,https://turnkeycommunications.ca,Tech Dept.,,English,,Canada
,Unmanned Aerial Serv,info@uaservice.ca,https://uaservice.ca,Operations,,English,,Canada
,Vast Resources Ltd.,sales@vastresources.ca,https://vastresources.ca,Sales Dept.,,English,,Canada
,Villeneuve Engineering,info@villeeng.ca,https://villeeng.ca,Inquiries,,English,,Canada
,Wabi Iron & Steel Corp,sales@wabicorp.com,https://wabicorp.com,Sales Team,,English,,USA
,Walden Group,info@walden-group.com,https://walden-group.com,Contracting,,English,,USA
,We3Minds Inc.,info@we3minds.com,https://we3minds.com,Tech Advisor,,English,,USA
,Windigo Community Dev,info@windigo.ca,https://windigo.ca,Economic Dev.,,English,,Canada
,WipWare Inc.,info@wipware.com,https://wipware.com,Tech Sales,,English,,USA
,X-Glo North America,info@xglo.ca,https://xglo.ca,Sales Dept.,,English,,Canada
,Antofagasta Minerals,info@aminerals.cl,https://aminerals.cl,Copper,,Español,,Chile
,Codelco,contacto@codelco.cl,https://codelco.cl,Copper,,Español,,Chile
,Southern Copper,info@southerncopper.com,https://southerncopper.com,Copper,,English,,USA
,Hudbay Minerals,info@hudbayminerals.com,https://hudbayminerals.com,Copper/Zinc,,English,,USA
,PanGlobal Resources,info@panglobalresources.com,https://panglobalresources.com,Copper,,English,,USA
,BHP,info@bhp.com,https://bhp.com,Copper/Nickel,,English,,USA
,Fortescue,info@fortescue.com,https://fortescue.com,Copper,,English,,USA
,Glencore,info@glencore.com,https://glencore.com,Copper/Nickel,,English,,USA
,Anglo American,info@angloamerican.com,https://angloamerican.com,Copper/Nickel,,English,,USA
,Vale,info@vale.com,https://vale.com,Nickel/Copper,,English,,USA
,Teck Resources,info@teck.com,https://teck.com,Copper,,English,,USA
,Capstone Copper,info@capstonecopper.com,https://capstonecopper.com,Copper,,English,,USA
,Ero Copper,info@erocopper.com,https://erocopper.com,Copper,,English,,USA
,Taca Taca (First Quantum),tacataca@fqml.com,https://first-quantum.com,Copper,,English,,USA
,Sykes Seafood Limited,Russell@ruskim.co.uk ,,"Líder del mercado alemán en pescado y mariscos, manufactura y distribución de productos premium.",,English,,United Kingdom
,IFC,faouzi.benarab@internationalfoodcommodities.com,,"Your domain name has been successfully registered with Hosting Ireland - other services offered include website builder, cloud hosting, cloud vps or dedicated servers.",,English,,USA
,Frigo Marinus,carlos@troulo.com ,,"Importador y distribuidor de congelados 'Halal', abasteciendo a mercados y caterings en el sudeste asiático.",,English,,USA
,Costa Sul,gessica@costasul.com.br,,,,Português,,Brasil
,Extremosul,extremosule@gmail.com ,,"Especialistas en productos de lujo como aletas de tiburón, pepino de mar y abulón seco/congelado.",,English,,USA
,,cleune@brsf.com.br,,,,Português,,Brasil
,Oesa,jonathan.briese@dellys.com.br,,"Una de las compañías pesqueras más grandes del mundo, con divisiones masivas de importación y procesamiento.",,Português,,Brasil
,Jahu,barata@frescatto.com ,,Importador japonés que abastece a supermercados y cadenas de sushi con atún y mariscos de alta calidad.,,English,,USA
,Mermaid Food,qianan2008@126.com ,,网易126免费邮箱–你的专业电子邮局，超过20年的邮箱运营经验，系统快速稳定安全，支持超大附件和网盘服务。网易邮箱官方App“邮箱大师”帮您高效处理邮件，支持所有邮箱，并可在手机、Windows和Mac上多端协同使用。,,English,,USA
,Jeswory,marcelo@jeswory.com,,,,English,,USA
,Brasmar,ruisacramento@brasmar.com ,,"A Brasmar tem para oferecer uma vasta variedade de produtos do mar congelados, em diversos formatos e tipos de apresentação, em função das necessidades de cada cliente.",,English,,USA
,Fish Brothers Inc,matthew@aquanitafoods.com ,,"Gigante chino integrado verticalmente, enfocado en camarón y tilapia, importando también para el mercado interno.",,English,,USA
,,importacao@newfish.com.br,,,,Português,,Brasil
,Tche,comex@tchepescados.com,,"Uno de los mayores mayoristas de Rungis, importando la gama más amplia de mariscos frescos en Francia.",,English,,USA
,"Galaxy Global International , LLC",tony@ggifoods.com,,,,English,,USA
,South American Fish Export Uruguay S.A,safe@montevideo.com.uy,,"Noticias políticas, económicas, deportivas, culturales, tecnológicas y de interés general de Uruguay y el mundo",,Español,,Uruguay
,ACL,ant@aclatlantic.co.uk ,,Trader holandés con amplia experiencia en la importación de pescado congelado a granel para industria.,,English,,United Kingdom
,Argafish,apagani@argafish.com,,Importador francés especializado en filetes de pescado y mariscos para el exigente mercado galo.,,English,,USA
,Sogenave,rodrigo.silva@sogenave.pt,,"Importador italiano clave en el mercado de Chioggia, especializado en moluscos y pescado fresco del Mediterráneo.",,Português,,Portugal
,LM,comex@lmimport.com.br,,"Proveedor líder en Singapur, importando salmón y pescados premium para el sector hotelero de lujo.",,Português,,Brasil
,Nova Seafood,lukasz@novaseafood.pl,,,,English,,Poland
,"METAFOODS, LLC",tomm@metafoodsllc.com,,,,English,,USA
,Trade Wise Group,Nodomachaidze@tradewisegroup.org,,,,English,,USA
,DK Meats,ekaterina@dkmeats.com,,,,English,,USA
,Aliefs Ike,cv@aliefs.gr,,,,English,,Greece
,,fabio@karamsmar.com,,,,English,,USA
,Beaver Street Fisheries INC. ,zsemeniuk@seabest.com ,,,,English,,USA
,Pescamar Trading LTD,george@pescamar.gr,,,,English,,Greece
,Diamax Desarrollo Empresarial S.L.,s.guibatdinov@diamaxfood.com ,,Empresa líder en la importación y exportación de productos alimentarios,,English,,USA
,Full Moon Fish CO,vgarcia@gammaseafood.com,,Alfa Gamma Seafood Group,,English,,USA
,"Schooner Co, LTD Japan",wakabayashi@schooner.co.jp,,,,Japanese,,Japan
,Fratello Trade,tomasovic@fratello-trade.com ,,"Fratello Trade a.d. Banja Luka se bavi preradom, pakovanjem, skladištenjem, prodajom i distribucijom svježe i zamrznute ribe, povrća, voća.",,English,,USA
,,mauro.uller@dellys.com.br,,,,Português,,Brasil
,Marineros Freschuk SL,k.filimonova@marinero-fsk.es ,,"Your trusted B2B partner for top-quality seafood, dairy, and cured meats. Explore our end-to-end solutions for retailers and wholesalers.",,Español,,España
,Global Food,dan@globalfoodtrading.com ,,,,English,,USA
,Marine Foods,l.michels@marinefoods.com,,"Líder global en productos del mar de ambient (atún), con creciente división de importación de congelados y refrigerados.",,English,,USA
,Nordic Seafood,marcelo@mrzseafood.com,,,,English,,USA
,Atlantis Seafood Distributors (Pty) Ltd,shakira.Naidoo@atlantisfoods.co.za,,,,English,,South Africa
,UrbisFood SRL,oanzorena@icloud.com,,"Log in to iCloud to access your photos, mail, notes, documents and more. Sign in with your Apple Account or create a new account to start using Apple services.",,English,,USA
,Midas Trading Importação E Exportação Ltda,comex@tchepescados.com,,"Uno de los mayores mayoristas de Rungis, importando la gama más amplia de mariscos frescos en Francia.",,English,,USA
,Ash Poultry,emorales@movinet.com.uy,,,,Español,,Uruguay
,Capital Trade ImportaçãO E ExportaçãO LTDA.,kelveen@grupomanieto.com,,,,English,,USA
,Mar Fish S.L. (Marfish),marfish@marfish.es,,Importación y comercialización de pescado y marisco congelado en Barcelona.,,Español,,España
,Aframar SL,aframar@aframar.es,,"Importación, exportación y comercialización de pescado congelado en Canarias.",,Español,,España
,Iberconsa,iberconsa@iberconsa.com,,Líder mundial en pesca y procesamiento de merluza y langostino congelado.,,English,,USA
,Sachafish Mayoristas,salcantarap@hotmail.com,,Mayorista de pescado fresco y congelado en Mercamadrid.,,English,,USA
,Istopesca,istopesca@istopesca.com,,"Puesto mayorista en Mercamadrid, venta de pescado fresco.",,English,,USA
,Circeo Pesca,circeopesca@circeopesca.it,,Producción y comercialización mayorista de productos del mar.,,Italiano,,Italia
,Maior Mar,maiormar@libero.it,,Pescado fresco y de importación en Sicilia Orientale.,,Italiano,,Italia
,Sicily Food,sicilyfood@sicilyfood.it,,"Especialistas en cortes de pez espada, atún y salmón.",,Italiano,,Italia
,Isola Fish S.r.l.,isolafishsrl@pec.it,,Trade ittico fresco e surgelato en Sicilia.,,Italiano,,Italia
,Copromar,copromar@copromar.it,,Distribuisce prodotti ittici freschi e surgelati.,,Italiano,,Italia
,Srl Garbin,srlgarbin@gmail.com,,Grossista presso il Mercato Ittico di Milano.,,English,,USA
,Coop. Pescatori Arborea,ufficiomercati@nieddittas.it,,"Grossista e produttore, presente al Mercato di Milano.",,Italiano,,Italia
,CAM Srl,daniele@camittico.it,,Commercio all'ingrosso prodotti ittici Milano.,,Italiano,,Italia
,Goldfish S.r.l.,vendite@goldfishsrl.it,,Distributore di pesce e prodotti ittici surgelati.,,Italiano,,Italia
,Frutos Marinos S.A.,frutos.delmar02@gmail.com,,"Comercializa camarón, pulpo y calamar gigante congelado.",,English,,USA
,Granjas Ojai,roberto.osuna@grupoojai.com,,Productores y distribuidores mayoristas de camarón.,,English,,USA
,Grupo Belova,compras@grupobelova.com,,Comercializan diversos productos del mar.,,English,,USA
,Grupo Buenrostro,facturacionopm@hotmail.com,,"Camarón, pulpo, calamar y pescado congelado.",,English,,USA
,Mar Congelado,ventas@marcongelado.com.mx,,Especializados en la distribución de pescados congelados.,,Español,,México
,Comercializadora Corzo,comecor@prodigy.net.mx,,Importan conservas y congelados marinos.,,Español,,México
,Mar Viviente,juanpablo@livingseainc.com,,"Importadores de tiburones, langosta y camarones.",,English,,USA
,Universal Business,gomezisaac@yahoo.com.mx,,Gran proveedor mayorista/fabricante de mariscos.,,Español,,México
,General Seafood,generalseafood@hotmail.com,,Compra venta de mariscos del pacífico.,,English,,USA
,King Fisher,kf.pesca@gmail.com,,Calamar congelado a bordo.,,English,,USA
,Fishonline,info@fishonline.com.co,,Distribuidora de pescados y mariscos congelados.,,Español,,Colombia
,ANTILLANA,antonio.royo@antillana.com.co,,Ventas nacionales retail y foodservice de congelados.,,Español,,Colombia
,COINREFRI,ftakahashi@coinrefri.com,,Importador de productos del mar (ej. desde Alaska).,,English,,USA
,SEAFROST,fvia@seafrost.com.pe,,"Ventas internacionales, importa productos congelados.",,Español,,Perú
,PERU GOURMET EXPORTS,finanzas@perugrexports.com,,Comercialización mayorista de productos peruanos e imp.,,English,,USA
,Comercial Oceánica,contacto@comercialoceanica.cl,,Empresa importadora de productos del mar congelados.,,Español,,Chile
,Nuestro Mar Seafood,tienda.puntaarenas@nuestromarspa.com,,Market y distribución de seafood en el sur de Chile.,,English,,USA
,Royal Schmidt Seafood,purchasing-frozen@schmidtseafood.com,,Importador de congelados en Rotterdam.,,English,,USA
,Westside Fishermen,westside-fish@mes.co.uk,,Pescado desde las islas Shetlands.,,English,,United Kingdom
,EN Consultant,enconsultant@gmail.com,,Consultores y traders de seafood.,,English,,USA
,Northern Fish Iberia,vtavares@nfiberia.com,,Importador y exportador en Península Ibérica.,,English,,USA
,Nutriplus,nutriplus@nutriplus.pt,,Productos alimentares congelados.,,Português,,Portugal
,Filmar.pt,nuno.costa@filmar.pt,,Importador portugués de pescado.,,Português,,Portugal
,Die Räucherei,s.peick@die-raeucherei.com,,"Hamburg, ahumados y caviar de alta calidad.",,English,,USA
,Heinrich Kühlmann,wiebke.steiner@kuehlmann.de,,Delicatessen y pescado marinado.,,English,,Germany
,Royal Greenland DE,CustomerServiceGermany@royalgreenland.com,,Filial alemana del gigante de Groenlandia.,,English,,USA
,BAN VA TOI FOODS,btfood@vnn.vn,,Pescado gato y tilapia congelados.,,English,,USA
,GOLDEN OCEAN SEAFOOD,seanbui.seafood@gmail.com,,Atún y camarón valor agregado.,,English,,USA
,GOLDEN SHRIMP,sales.goldenshrimp@gmail.com,,Camarón y pescado congelado.,,English,,USA
,NGOC HAI SEAFOOD,info@ngochaiseafood.com.vn,,Camarón seco y productos del mar.,,English,,Vietnam
,THANH HAO SEAFOOD,hao@thanhhaoseafood.com,,"Pescado, vieiras y pulpo congelados.",,English,,USA
,THE KHANH LLC,huethekhanh@gmail.com,,Camarón y pescado de agua dulce.,,English,,USA
,VAN DUC FOOD,vanduc@vanduc.com.vn,,Pangasius y tilapia.,,English,,Vietnam
,VIEOS FOODS,shrimp@vieosfoods.com,,Especialistas en camarón.,,English,,USA
,AN HUY CO.,minh@anhuybt.com.vn,,Pangasius y camarón.,,English,,Vietnam
,BINH MINH IM-EXPORT,info@sunriseseafoods.com.vn,,Pangasius y valor agregado.,,English,,Vietnam
,DONG A SEAFOOD,donga@dongaseafood.com,,Pangasius y Basa.,,English,,USA
,GODACO SEAFOOD,johnnguyen@godaco.com.vn,,Almejas y pangasius.,,English,,Vietnam
,HOA PHAT SEAFOOD,info@hophafish.com.vn,,Catfish congelado.,,English,,Vietnam
,VIETNAM NATIONAL SEAPRODUCTS,seaprodex@seaprodex.vn,,Gran corporación estatal de seafood.,,English,,USA
,VINASEA CO.,vinasea@vinasea.com,,"Camarón, sepia y atún.",,English,,USA
,AST - Australian Seafood Traders,info@seafoodtraders.com.au,,Traders de seafood en Australia.,,English,,Australia
,Seafood Exporters Australia,seafoodexporters@bigpond.com,,Exportador e importador.,,English,,USA
,4 Seas Pty Ltd,craig@4seas.com.au,,Comercio de productos del mar.,,English,,Australia
,Abrolhos Octopus,dion@abrolhosoctopus.com,,Especialistas en pulpo.,,English,,USA
,Austral Fisheries,DSkinns@australfisheries.com.au,,Pesca sostenible y comercio.,,English,,Australia
,Australia Bay Seafoods,bpassey@australiabay.com,,Pescado australiano.,,English,,USA
,Australian Blue Ocean,info@tasbo.com.au,,Comercio marino.,,English,,Australia
,Australian Fishing Enterprises,PeterFare@saringroup.com.au,,Empresa pesquera y comercial.,,English,,Australia
,Australian Longline Fishing,awf@australianlongline.com.au,,Pesca de palangre y comercio.,,English,,Australia
,Newport Fish Importers,frank@newportfish.ca,,Importador en Toronto.,,English,,Canada
,Inter-Canada Fisheries,benhaim@mbproductsgroup.com,,Importador de África y Sudamérica.,,English,,USA
,Tim Williston Seafood,timwillistonseafood@gmail.com,,Trader de seafood canadiense.,,English,,USA
,Boudreau Fisheries,bfs@nb.aibn.com,,Pesca y comercio en New Brunswick.,,English,,USA
,Native Harvest (Atlantic),pbsltd.blc@gmail.com,,Productos del mar del Atlántico.,,English,,USA
,AR Boudreau & Sons,arboudreauandsons@rogers.com,,Empresa familiar pesquera.,,English,,USA
,Brenda Hall LeBlanc,bhallleblanc@gmail.com,,Comercio de seafood.,,English,,USA
,CenSea (Central Seaway),censea@censea.com,,Importador líder de camarón y mariscos.,,English,,USA
,Beaver Street Fisheries,sfsales@bstreet.com,,"Marca 'Sea Best', gran importador.",,English,,USA
,Atlantica Imports,scottg@atlanticaimports.com,,,,English,,USA
,Seafood Connection,jkaptijn@seafoodconnection.nl,,,,English,,Netherlands
,AB Seafood Ltd.,info@abseafood.eu,,,,English,,USA
,AB Seafood Ltd.,sales@abseafood.eu,,,,English,,USA
,L'Ocean,commande@locean.be,,Mayorista belga enfocado en mariscos frescos de alta calidad.,,English,,Belgium
,Scanimex Seafood,leen.de.rover@scanimex.nl,,Traders internacionales especializados en pescado congelado pelágicos.,,English,,Netherlands
,Rari Food International,"info@rari.de, sales@rari.de",,,,English,,Germany
,Westcoast Seafood E.K.,roland.korn@westcoast-seafood.de,,Especialista alemán en la importación de pescado fresco y gourmet.,,English,,Germany
,Ikamar,luislalinde@ikamar.com,,"Pescamos, congelamos y distribuimos el mejor pescado, garantizando su calidad desde el origen.",,English,,USA
,Channel Sea Food,diane@channelseafood.com,,"For over 30 years, Channel Sea Food has been a major European supplier of frozen seafood (shrimps, froglegs, scallops, fishes) and ethnic products.",,English,,USA
,Martínez Moreno HNOS,mmoreno@mmoreno.com,,,,English,,USA
,Deutsche See,sourcing@deutschesee.de,,"Entdecken Sie die genussvolle Welt mit zahlreichen Rezepten, Tipps &amp; Tricks, Hintergrundinfos zum Unternehmen - für Privatkunden und Gewerbetreibende.",,English,,Germany
,Zhanjiang Guolian Aquatic,may@gl-fish.com,,湛江国联水产开发股份有限公司（深圳茂润供应链管理有限公司的母公司）创建于2001年，已发展成为中国大型水产品食品加工企业。公司以“为人类提供健康海洋食品”为使命，专注于水产行业的全产业链发展，以水产食品研制为龙头，现已发展成为集“对虾、罗非鱼、小龙虾、深水网箱”从“育苗——养殖——水产饲料——水产科研——食品加 工生产——贸易”为一体的全产业链跨国企业集团。2010年，公司在创业板挂牌上市。2019年公司年销售额46亿元，位居A股行业板块上市公司第一名。,,English,,USA
,Zhanjiang Guolian Aquatic,int@gl-fish.com,,湛江国联水产开发股份有限公司（深圳茂润供应链管理有限公司的母公司）创建于2001年，已发展成为中国大型水产品食品加工企业。公司以“为人类提供健康海洋食品”为使命，专注于水产行业的全产业链发展，以水产食品研制为龙头，现已发展成为集“对虾、罗非鱼、小龙虾、深水网箱”从“育苗——养殖——水产饲料——水产科研——食品加 工生产——贸易”为一体的全产业链跨国企业集团。2010年，公司在创业板挂牌上市。2019年公司年销售额46亿元，位居A股行业板块上市公司第一名。,,English,,USA
,Zhonglu Oceanic Fisheries,jnbgs@zofco.cn,,,,English,,USA
,"Kohyo Co., Ltd.",Kohyo@kohyoj.co.jp,,株式会社交洋は、水産、農産、畜産、飼料肥料、酒類などの輸出入および販売を行う食品総合商社です。,,Japanese,,Japan
,"Kohyo Co., Ltd.",nishimura-ta@kohyoj.co.jp,,Importador japonés para supermercados y cadenas de sushi.,,Japanese,,Japan
,Lam Kee Fisheries,jansenchew@lamkeeseafood.com,,Proveedor líder en Singapur para el sector hotelero de lujo.,,English,,USA
,All Big Frozen Food,vincent@allbig.com.sg,,"Importador y distribuidor de congelados ""Halal"" en el sudeste asiático.",,English,,Singapore
,Sineurope Pte Ltd,sineur@pacific.net.sg,,Especialistas en productos de lujo como aletas de tiburón y abulón.,,English,,USA
,Sineurope Pte Ltd,accounts@sineurope.com,,,,English,,USA
,The Seafood Company,kenneth.chia@theseafoodcompany.com.sg,,"Distribuidor integral que ofrece soluciones ""del mar a la mesa"".",,English,,Singapore
,Seafood Imports Inc.,seafood@keyseafood.com,,"Distribuidor mayorista enfocado en pescado fresco y congelado, con fuerte presencia en la costa este.",,English,,USA
,"L.M. Foods, LLC",info@lmfoods.com,,"Proveedor de surimi y productos de valor agregado, ideal para retail y cadenas de servicio.",,English,,USA
,Atalanta Corporation,stufano@atalantal.com,,"Uno de los mayores importadores de alimentos en EE.UU., manejando una amplia gama de especialidades gourmet y mariscos.",,English,,USA
,Blue Venture,info@blueventureinc.com,,Especialistas en cangrejo y productos de mariscos de valor agregado para el mercado norteamericano.,,English,,USA
,Island Lobster,missy@islandbsi.com,,Especialistas en la importación y distribución de langosta y mariscos premium.,,English,,USA
,Stavis Seafoods,mlynch@stavis.com,,"Empresa familiar histórica en Boston, importando más de 1,100 variedades de mariscos de todo el mundo.",,English,,USA
,Bumble Bee Foods LLC,Liz.Conant@fleishman.com,,"Gigante de la industria, famoso por atún enlatado pero con una amplia división de congelados y mariscos premium.",,English,,USA
,Channel Seafoods International,channelseafoods@gmail.com,,"Importador diverso con sede en Florida, enfocado en especies tropicales y sudamericanas.",,English,,USA
,Everfresh Seafood Company,moosa@everfreshseafoodusa.com,,"Distribuidor que conecta pesquerías globales con el mercado estadounidense, enfocado en frescura y calidad.",,English,,USA
,Fish Guys USA,bill@fishguy.com,,Distribuidor del medio oeste conocido por su exótica variedad y servicio a restaurantes de alta gama.,,English,,USA
,Santa Monica Seafood,Logan@smseafood.com,,"Mayorista centenario en Boston, manejando una línea completa de mariscos frescos y congelados.",,English,,USA
,Fortune Fish & Gourmet,markp@fortunefishco.net,,"Gran productor y distribuidor con sede en el Pacífico, famoso por su salmón de Alaska y pescado ahumado.",,English,,USA
,Tobruk International GmbH,grant@tobrukint.de,,"Distribuidor premier del medio oeste, reconocido por su logística impecable y portafolio gourmet.",,English,,Germany
,Biofrescos,biofrescos@biofrescos.pt,,"Especialistas en pescados planos y productos del Mar del Norte, con fuerte red de exportación e importación.",,Português,,Portugal
,Davimar S.r.l.,clienti@davimar.net,,Importador alemán clave para productos exóticos y especialidades congeladas de Asia y África.,,English,,USA
,,duc.cadovimex@gmail.com,,Importador global que abastece a la industria alemana y europea con materias primas y productos semielaborados.,,English,,USA
,,melissa@westernedgeseafood.com,,Especialista alemán en la importación de pescado fresco y especialidades gourmet.,,English,,USA
,,rodrigo.silva@sogenave.pt,,"Importador italiano clave en el mercado de Chioggia, especializado en moluscos y pescado fresco del Mediterráneo.",,Português,,Portugal
,,jeremias.rosat@friosursrl.com,,"Importador español con fuerte presencia en cefalópodos (pulpo, calamar) y mariscos de África.",,English,,USA
,,ant@aclatlantic.co.uk,,Trader holandés con amplia experiencia en la importación de pescado congelado a granel para industria.,,English,,United Kingdom
,,apagani@argafish.com,,Importador francés especializado en filetes de pescado y mariscos para el exigente mercado galo.,,English,,USA
,,comex@tchepescados.com,,"Uno de los mayores mayoristas de Rungis, importando la gama más amplia de mariscos frescos en Francia.",,English,,USA
,,mpaniagua@cabovirgenes.com,,"Empresa familiar valenciana especializada en la importación de sepia, calamar y pulpo.",,English,,USA
,,Russell@ruskim.co.uk,,"Líder del mercado alemán en pescado y mariscos, manufactura y distribución de productos premium.",,English,,United Kingdom
,,matthew@aquanitafoods.com,,"Gigante chino integrado verticalmente, enfocado en camarón y tilapia, importando también para el mercado interno.",,English,,USA
,,ncagliolo@estrellapatagonica.com.ar,,Empresa estatal china dedicada a la pesca de atún de altura y comercio global de commodities marinos.,,Español,,Argentina
,,barata@frescatto.com,,Importador japonés que abastece a supermercados y cadenas de sushi con atún y mariscos de alta calidad.,,English,,USA
,,jonathan.briese@dellys.com.br,,"Una de las compañías pesqueras más grandes del mundo, con divisiones masivas de importación y procesamiento.",,Português,,Brasil
,,l.michels@marinefoods.com,,"Líder global en productos del mar de ambient (atún), con creciente división de importación de congelados y refrigerados.",,English,,USA
,,comex@lmimport.com.br,,"Proveedor líder en Singapur, importando salmón y pescados premium para el sector hotelero de lujo.",,Português,,Brasil
,,carlos@troulo.com,,"Importador y distribuidor de congelados 'Halal', abasteciendo a mercados y caterings en el sudeste asiático.",,English,,USA
,,extremosule@gmail.com,,"Especialistas en productos de lujo como aletas de tiburón, pepino de mar y abulón seco/congelado.",,English,,USA
,,helder.goncalves@iberconsa.com,,"Conexión clave entre Oceanía y Asia, importando mariscos de Nueva Zelanda y Australia para el mercado chino.",,English,,USA
,,comercioexterior@proyectosdelmar.com.ar,,,,Español,,Argentina
,,tony@ggifoods.com,,,,English,,USA
,,russel@wcproducts.co.za,,,,English,,South Africa
,,faouzi.benarab@internationalfoodcommodities.com,,"Your domain name has been successfully registered with Hosting Ireland - other services offered include website builder, cloud hosting, cloud vps or dedicated servers.",,English,,USA
,,vgarcia@gammaseafood.com,,Alfa Gamma Seafood Group,,English,,USA
,,wakabayashi@schooner.co.jp,,,,Japanese,,Japan
,,comex@grupomattera.com,,,,English,,USA
,,qianan2008@126.com,,网易126免费邮箱–你的专业电子邮局，超过20年的邮箱运营经验，系统快速稳定安全，支持超大附件和网盘服务。网易邮箱官方App“邮箱大师”帮您高效处理邮件，支持所有邮箱，并可在手机、Windows和Mac上多端协同使用。,,English,,USA
,,oanzorena@icloud.com,,"Log in to iCloud to access your photos, mail, notes, documents and more. Sign in with your Apple Account or create a new account to start using Apple services.",,English,,USA
,,henrikh@salmoexport.dk,,,,English,,Denmark
,,Nodomachaidze@tradewisegroup.org,,,,English,,USA
,,NgocPNB@hungca.com,,,,English,,USA
,,fernando.pesquerauniversal@gmail.com,,,,English,,USA
,,exportacao@luzitania.ind.br,,,,Português,,Brasil
,,shakira.Naidoo@atlantisfoods.co.za,,,,English,,South Africa
,,comex@fishingmdq.com.ar,,,,Español,,Argentina
,,airazoqui@atlantic41.com,,,,English,,USA
,,davidvo.ftf@gmail.com,,,,English,,USA
,,marcelo@jeswory.com,,,,English,,USA
,,tomm@metafoodsllc.com,,,,English,,USA
,,marcus@freshfrozenfood.com.vn,,,,English,,Vietnam
,,ruisacramento@brasmar.com,,"A Brasmar tem para oferecer uma vasta variedade de produtos do mar congelados, em diversos formatos e tipos de apresentação, em função das necessidades de cada cliente.",,English,,USA
,,veronica@pescamarina.com.ar,,,,Español,,Argentina
,,steruggi@solimenosa.com.ar,,,,Español,,Argentina
,,safe@montevideo.com.uy,,"Noticias políticas, económicas, deportivas, culturales, tecnológicas y de interés general de Uruguay y el mundo",,Español,,Uruguay
,,gessica@costasul.com.br,,,,Português,,Brasil
,Salmo Export A/S,henrikh@salmoexport.dk,,,,English,,Denmark
,Western Edge Inc,melissa@westernedgeseafood.com ,,"Rely On The Fish People ValueThis is much more than an overused marketing term to us. Our philosophy is to be low cost providers of high quality seafood through our relationships with our farms and processors, which also provide value through consistency in quality and supply.TasteAll fish is not cr",,English,,USA
,Wild Caught Products,russel@wcproducts.co.za ,,,,English,,South Africa
,Iberconsa,helder.goncalves@iberconsa.com,,World leaders in catch and production of southern prawns and frozen hake. Top quality fresh fish frozen in our factory ships.,,English,,USA
,American Seafood Imports,sales@americanseafoodimports.com,,Importador especializado en productos del mar congelados de alta calidad para mayoristas y food service.,,English,,USA
,Seafood Imports Inc.,seafood@keyseafood.com,,"Distribuidor mayorista enfocado en pescado fresco y congelado, con fuerte presencia en la costa este.",,English,,USA
,"L.M. Foods, LLC",info@lmfoods.com,,"Proveedor de surimi y productos de valor agregado, ideal para retail y cadenas de servicio.",,English,,USA
,Atalanta Corporation,stufano@atalantal.com,,"Uno de los mayores importadores de alimentos en EE.UU., manejando una amplia gama de especialidades gourmet y mariscos.",,English,,USA
,Blue Venture,info@blueventureinc.com,,Especialistas en cangrejo y productos de mariscos de valor agregado para el mercado norteamericano.,,English,,USA
,High Liner Foods,feedback@highlinerfoodsUSA.com,,Líder en procesamiento y comercialización de productos del mar congelados de valor agregado para retail y foodservice.,,English,,USA
,Island Lobster,missy@islandbsi.com,,Especialistas en la importación y distribución de langosta y mariscos premium.,,English,,USA
,Stavis Seafoods,mlynch@stavis.com,,"Empresa familiar histórica en Boston, importando más de 1,100 variedades de mariscos de todo el mundo.",,English,,USA
,The Fishin Company,sales@fishinco.com,,"Uno de los mayores importadores de Tilapia y Salmón en EE.UU., proveedor clave de grandes retailers como Walmart.",,English,,USA
,Yamasho,info@yamashoinc.com,,Importador especializado en productos para sushi y gastronomía japonesa de alta gama.,,English,,USA
,Bumble Bee Foods LLC,Liz.Conant@fleishman.com,,"Gigante de la industria, famoso por atún enlatado pero con una amplia división de congelados y mariscos premium.",,English,,USA
,Channel Seafoods International,channelseafoods@gmail.com,,"Importador diverso con sede en Florida, enfocado en especies tropicales y sudamericanas.",,English,,USA
,Everfresh Seafood Company,moosa@everfreshseafoodusa.com,,"Distribuidor que conecta pesquerías globales con el mercado estadounidense, enfocado en frescura y calidad.",,English,,USA
,Fish Guys USA,bill@fishguy.com,,Distribuidor del medio oeste conocido por su exótica variedad y servicio a restaurantes de alta gama.,,English,,USA
,Atlantica Imports,info@atlanticaimports.com,,"Especialistas en importación de mariscos congelados, atendiendo tanto a retail como a distribuidores mayoristas.",,English,,USA
,John Nagle Co.,sales@johnnagle.com,,"Mayorista centenario en Boston, manejando una línea completa de mariscos frescos y congelados.",,English,,USA
,Santa Monica Seafood,Logan@smseafood.com,,"El mayor distribuidor de mariscos en el suroeste de EE.UU., líder en sostenibilidad y abastecimiento responsable.",,English,,USA
,Siam Canadian,info@siamcanadian.com,,"Gigante global del trading de mariscos, abasteciendo camarón, pescado y cefalópodos desde Asia y Sudamérica.",,English,,USA
,Ocean Beauty Seafoods,info@oceanbeauty.com,,"Gran productor y distribuidor con sede en el Pacífico, famoso por su salmón de Alaska y pescado ahumado.",,English,,USA
,Fortune Fish & Gourmet,markp@fortunefishco.net,,"Distribuidor premier del medio oeste, reconocido por su logística impecable y portafolio gourmet.",,English,,USA
,Seafood Connection,info@seafoodconnection.nl,,"Parte del grupo Maruha Nichiro, líder europeo en importación de pescado congelado.",,English,,Netherlands
,ASTURPESCA S.L.,sara@asturpesca.com / ,,Importador y procesador español con fuerte enfoque en pescado fresco y fileteado.,,English,,USA
,ASTURPESCA S.L.,"
export@asturpesca.com",,Importador y procesador español con fuerte enfoque en pescado fresco y fileteado.,,English,,USA
,AB Seafood Ltd.,"
ab@abseafood.eu",,Especialistas en pescados planos y productos del Mar del Norte.,,English,,USA
,L'Ocean,commande@locean.be,,Mayorista belga enfocado en mariscos frescos de alta calidad.,,English,,Belgium
,Scanimex Seafood,"
leen.de.rover@scanimex.nl",,Traders internacionales especializados en pescado congelado pelágicos.,,English,,Netherlands
,Tobruk International GmbH,grant@tobrukint.de,,Importador alemán clave para productos exóticos y especialidades congeladas.,,English,,Germany
,Towers Thompson Limited,info@towers-thompson.co.uk,,Grupo internacional que importe carnes y mariscos para retail en UK.,,English,,United Kingdom
,Eurobangla Foods Limited,info@eurobanglafoods.co.uk,,Especialistas en mariscos de agua dulce y productos asiáticos para el mercado étnico.,,English,,United Kingdom
,Biofrescos,biofrescos@biofrescos.pt,,"Importador portugués enfocado en ""seafood"" sostenible y congelados.",,Português,,Portugal
,Mapesca SA,info@mapesca.com,,"Mayorista ubicado en Mercabarna, importando pescado fresco y congelado.",,English,,USA
,Caspian Tradition,"
info@caspiantradition.com",,Reconocido mundialmente por caviar y huevas de pescado de lujo.,,English,,USA
,Rari Food International,info@rari.de,,Importador global que abastece a la industria europea con materias primas.,,English,,Germany
,Westcoast Seafood E.K.,"
roland.korn@westcoast-seafood.de",,Especialista alemán en la importación de pescado fresco y gourmet.,,English,,Germany
,Davimar S.r.l.,clienti@davimar.net,,"Importador italiano clave en Chioggia, especializado en moluscos y pescado fresco.",,English,,USA
,Ikamar,info@ikamar.com,,Importador español con fuerte presencia en cefalópodos y mariscos de África.,,English,,USA
,D. Visser Frozen Seafood,"
info@frozenfood.nl",,Trader holandés con amplia experiencia en pescado congelado a granel.,,English,,Netherlands
,Channel Sea Food,"
olivier@channelseafood.com",,Importador francés especializado en filetes de pescado y mariscos.,,English,,USA
,Demarne,contact@demarnefreres.com,,"Uno de los mayores mayoristas de Rungis, gran gama de mariscos frescos.",,English,,USA
,Martínez Moreno HNOS,"
pascual@mmoreno.com",,"Empresa familiar valenciana especializada en sepia, calamar y pulpo.",,English,,USA
,Deutsche See,"
djp@mhf.de",,Líder del mercado alemán en pescado y mariscos premium.,,English,,Germany
,Zhanjiang Guolian Aquatic,"
yuexiadusi@mail.ru",,"Gigante chino integrado verticalmente, enfocado en camarón y tilapia.",,English,,Russia
,Zhonglu Oceanic Fisheries,"
kingsleyzhang@yahoo.com.cn",,Empresa estatal china dedicada a la pesca de atún y comercio global.,,Chinese,,China
,"Kohyo Co., Ltd.",nishimura-ta@kohyoj.co.jp,,Importador japonés para supermercados y cadenas de sushi.,,Japanese,,Japan
,Maruha Nichiro Corp.,"
ir-info@maruha-nichiro.co.jp",,Una de las compañías pesqueras más grandes del mundo.,,Japanese,,Japan
,Thai Union Group,ir@thaiunion.com,,"Líder global en productos del mar (atún), congelados y refrigerados.",,English,,USA
,Lam Kee Fisheries,"
jansenchew@lamkeeseafood.com",,Proveedor líder en Singapur para el sector hotelero de lujo.,,English,,USA
,All Big Frozen Food,"
vincent@allbig.com.sg",,"Importador y distribuidor de congelados ""Halal"" en el sudeste asiático.",,English,,Singapore
,Sineurope Pte Ltd,sineur@pacific.net.sg,,Especialistas en productos de lujo como aletas de tiburón y abulón.,,English,,USA
,The Seafood Company,kenneth.chia@theseafoodcompany.com.sg,,"Distribuidor integral que ofrece soluciones ""del mar a la mesa"".",,English,,Singapore
,Auslink Marine,Sales@auslink.co.nz,,"Conexión clave entre Oceanía y Asia, importando mariscos para China.",,English,,New Zealand
Leonardo Chiabrera - Gerente Comercial,Swift Argentina S.A.,comex@swift.com.ar,www.swift.com.ar,"Líder en producción y exportación de carne vacuna, parte de Minerva Foods. Planta en Villa Gobernador Gálvez, Santa Fe.",,Español,,Argentina
Juan Bisso - Gerente Comercial,Frigorífico Rioplatense S.A.I.C.I.F.,export@rioplatense.com,www.rioplatense.com,"Uno de los principales exportadores de carne vacuna argentina. Ubicado en General Pacheco, Buenos Aires.",,English,,USA
Carolina Mendoza - Export Manager,Arre Beef S.A.,arrebeef@arrebeef.com,www.arrebeef.com,"Frigorífico exportador con plantas en Pérez Millán y Escobar, Buenos Aires. Especializado en carne vacuna premium.",,English,,USA
Pedro Erbin - Director Exportaciones,Frigorífico Gorina S.A.I.C.,pedro.erbin@friggorina.com,www.friggorina.com,Empresa líder con planta moderna en La Plata. Representa 14-16% de las exportaciones de carne argentina.,,English,,USA
Adrián Martínez - Gerente Ventas Exportación,Friar S.A.,amartinez@e-friar.com.ar,www.friarsa.com.ar,"Principal exportador Cuota 481 a Europa. Plantas en Reconquista y Nelson, Santa Fe. Más de 60 años de experiencia.",,Español,,Argentina
Gerente Comercial,Quickfood S.A.,ventas@quick-food.com.ar,www.quick-food.com.ar,Subsidiaria de Marfrig Group. Plantas en San Jorge (Santa Fe) y Villa Mercedes (San Luis). Procesamiento de carne y productos elaborados.,,Español,,Argentina
Romina Rolando - Contacto Comercial,Compañía Bernal S.A.,info@ciaber.com,www.companiabernal.com.ar,"Frigorífico exportador en Bernal Oeste, Buenos Aires. Especializado en cortes vacunos de alta calidad.",,Español,,Argentina
Patricio Phelan - Contacto Comercial,Marfrig Argentina S.A.,consultas@marfrig.com,www.marfrig.com.ar,Parte del grupo brasileño Marfrig. Uno de los mayores procesadores de carne de Argentina.,,Español,,Argentina
Florencia Sola - Contacto Comercial,Frigorífico Paladini S.A.,info@paladini.com,www.paladini.com,"Empresa fundada en 1923. Líder en fiambres, embutidos y chacinados. Casa central en Villa Gobernador Gálvez, Rosario.",,English,,USA
Luis Viera - Contacto Comercial,Rafaela Alimentos S.A.,consultas@rafalim.com,www.rafalim.com,"Frigorífico exportador de carne vacuna ubicado en Rafaela, Santa Fe. Especializado en cortes premium.",,English,,USA
Santiago Escales - Contacto Comercial,Grupo Lequio - Frigorífico Alberdi S.A.,contacto@grupolequio.com,www.grupolequio.com,Grupo frigorífico con presencia en Rosario. Incluye Frigorífico Alberdi y otras plantas de faena.,,English,,USA
Serafín Insúa - Director,Ecocarnes S.A.,ventas@ecocarnes.ar,www.ecocarnes.com.ar,Productor y exportador de carne vacuna. Enfoque en producción sustentable y trazabilidad.,,Español,,Argentina
Juan Manuel Castro - Responsable Carnes,Coto - Centro Integral de Comercialización S.A.,ventas@coto.com.ar,www.coto.com.ar,Cadena de supermercados con frigorífico propio. Producción integrada de carne vacuna para consumo interno.,,Español,,Argentina
Leonel Privat - Director Comercial,Black Bamboo Enterprises S.A.,lprivat@bbe-sa.com.ar,www.bbe-sa.com.ar,Frigorífico exportador de carne vacuna. Especializado en mercados asiáticos.,,Español,,Argentina
Patricio Casiraghi - Gerente,Frigorífico General Pico S.A.,pcasiraghi@frigopico.com,www.frigopico.com,"Planta frigorífica en General Pico, La Pampa. Producción de carne y derivados.",,English,,USA
Gerente de Hacienda,Carnes Pampeanas S.A.,hacienda@carnes-pampeanas.com,www.carnes-pampeanas.com,"Frigorífico exportador en Santa Rosa, La Pampa. Especializado en carne de feedlot.",,English,,USA
Gerente Comercial,S.A. Importadora y Exportadora de la Patagonia,exportaciones@laanonima.com.ar,www.laanonima.com.ar,Parte del grupo La Anónima. Frigorífico exportador en Patagonia con alcance internacional.,,Español,,Argentina
Director Comercial,Frimsa S.A.,info@frimsa.com.ar,www.frimsa.com.ar,Frigorífico exportador de carne vacuna. Planta habilitada para múltiples destinos internacionales.,,Español,,Argentina
Gerente Comercial,Azul Natural Beef S.A.,info@azulnaturalbeef.com,www.azulnaturalbeef.com,Productor de carne natural Angus y Hereford. Exportador de cortes premium desde Buenos Aires.,,English,,USA
Director Exportaciones,Santa Giulia S.A.,exportaciones@santagiulia.com.ar,www.santagiulia.com.ar,Frigorífico exportador de carne vacuna. Certificaciones internacionales de calidad.,,Español,,Argentina
Gerente General,Frigorífico Logros S.A.,info@frigologros.com.ar,www.frigologros.com.ar,Frigorífico con habilitación para exportación. Ubicado en provincia de Buenos Aires.,,Español,,Argentina
Director Comercial,Frigorífico Forres Beltrán S.A.,ventas@forres-beltran.com.ar,www.forres-beltran.com.ar,Productor y exportador de carne vacuna. Planta moderna con certificaciones sanitarias.,,Español,,Argentina
Nicolás Lotrecchiano - Gerente,Fridevi S.A.F.I.C.,lotrecchianonicolas@gmail.com,www.fridevi.com.ar,Frigorífico exportador de carne vacuna. Especializado en mercados de exportación.,,Español,,Argentina
Gerente Comercial,Carnes Abaroa Argentina S.A.,hge@carnesabaroa.com.ar,www.carnesabaroa.com.ar,Productor de carne vacuna argentina. Enfoque en calidad y trazabilidad.,,Español,,Argentina
Director Comercial,Colombo y Magliano S.A.,cym@colomboymagliano.com.ar,www.colomboymagliano.com.ar,Frigorífico con amplia trayectoria en el mercado argentino. Producción de cortes vacunos.,,Español,,Argentina
Gerente General,Frigorífico Novara S.A.,info@frigorificonovara.com.ar,www.frigorificonovara.com.ar,"Más de 90 años en la industria frigorífica. Ubicado en Toledo, Córdoba. Cabañas propias.",,Español,,Argentina
Director General,Frigorífico El Nono,info@frigorificoelnono.com,www.frigorificoelnono.com,"Empresa familiar en Paraná, Entre Ríos. Comercializa carne vacuna, cuenta con feedlot propio.",,English,,USA
Gerente Comercial,Ingeniero Quaranta S.A.,contacto@ingenieroquaranta.com.ar,www.ingenieroquaranta.com.ar,"Frigorífico en Concepción del Uruguay, Entre Ríos. Producción de carne y subproductos.",,Español,,Argentina
Director Comercial,Frigorífico La Ángela SRL,ventas@frigorificolaangela.com.ar,www.frigorificolaangela.com.ar,"Productor de embutidos y cortes de cerdo en Villaguay, Entre Ríos.",,Español,,Argentina
Gerente Exportaciones,Frideza - Carnes del Centro Argentino,contacto@frideza.com.ar,www.frideza.com.ar,"Comercializan y exportan carne porcina y vacuna. Ubicado en General Deheza, Córdoba.",,Español,,Argentina
Miguel Haimovich - Director,Mattievich S.A.,mhaimovich@mattievich.com.ar,www.mattievich.com.ar,Frigorífico exportador de carne vacuna. Planta habilitada para múltiples mercados.,,Español,,Argentina
Gerente Administración,Patagonia Meat S.A.,administracion@patagoniameat.com.ar,www.patagoniameat.com.ar,"Productor de carne patagónica. Ubicado en General Pico, La Pampa.",,Español,,Argentina
Director General,Frigorífico Pilotti S.A.,frigorificopilotti@gmail.com,www.frigopilotti.com.ar,"Frigorífico en La Adela, La Pampa. Habilitación para tránsito federal y exportación.",,Español,,Argentina
Administrador,Frigorífico HV S.A.,admbernasconi@gmail.com,www.frigohv.com.ar,"Planta frigorífica en Bernasconi, La Pampa. Producción de carne vacuna.",,Español,,Argentina
Gerente Comercial,Runfo S.A.,ventas@runfo.com.ar,www.runfo.com.ar,Frigorífico exportador de carne vacuna. Habilitado para mercados internacionales.,,Español,,Argentina
Director Comercial,Frigorífico Bermejo S.A.,info@frigobermejo.com.ar,www.frigobermejo.com.ar,Productor de carne vacuna. Planta con certificaciones para exportación.,,Español,,Argentina
Gerente General,Frigorífico Soychu S.A.,info@soychu.com.ar,www.soychu.com.ar,"Frigorífico en Gualeguay, Entre Ríos. Producción de carne y derivados.",,Español,,Argentina
Gerente Comercial,H.I.C.A. S.A.,ventas@hica.com.ar,www.hica.com.ar,"Frigorífico en Nogoyá, Entre Ríos. Especializado en faena y procesamiento.",,Español,,Argentina
Director Comercial,El Brillante SRL,info@elbrillantesrl.com.ar,www.elbrillantesrl.com.ar,"Frigorífico en San José de Feliciano, Entre Ríos. Producción de carne vacuna.",,Español,,Argentina
Gerente de Ventas,Frigolar S.A.,ventas@frigolar.com.ar,www.frigolar.com.ar,Frigorífico exportador con habilitaciones para múltiples destinos.,,Español,,Argentina
Gerente Carnes,Cencosud S.A.,carnes@cencosud.com.ar,www.cencosud.com,Grupo retail con producción propia de carne. Abastece cadenas Jumbo y Disco.,,Español,,Argentina
Gerente Comercial,Frigorífico del Sur S.A.,info@frigodelsur.com.ar,www.frigodelsur.com.ar,"Planta frigorífica en Río Cuarto, Córdoba. Producción de carne vacuna.",,Español,,Argentina
Director General,Frigorífico Santa Clara,ventas@frigosantaclara.com.ar,www.frigosantaclara.com.ar,Frigorífico en Córdoba capital. Especializado en cortes frescos.,,Español,,Argentina
Gerente Comercial,Frigorífico Coronel Moldes S.A.,info@frigocoronelmoldes.com.ar,www.frigocoronelmoldes.com.ar,"Planta frigorífica en Coronel Moldes, Córdoba. Producción de carne.",,Español,,Argentina
Director Comercial,Frigorífico San Francisco S.A.,ventas@frigosanfrancisco.com.ar,www.frigosanfrancisco.com.ar,"Frigorífico en Monte Redondo, Córdoba. Faena y procesamiento de ganado.",,Español,,Argentina
Gerente General,Procesadora Ganadera Entrerriana S.A.,info@progesa.com.ar,www.progesa.com.ar,Procesadora de ganado en Entre Ríos. Exportadora de carne vacuna.,,Español,,Argentina
Director Comercial,Carnes Naturales de La Pampa,info@frigosantaisabel.com.ar,www.carnadevlp.com.ar,Productor de carne natural de La Pampa. Ubicado en Santa Isabel.,,Español,,Argentina
Gerente General,Industrias Cárnicas San Miguel S.A.,industriascarnicassanmiguel@gmail.com,www.carnessanmiguel.com.ar,"Frigorífico en General Acha, La Pampa. Producción de carne vacuna.",,Español,,Argentina
Gerente Comercial,Frigorífico Trenel S.A.,info@frigopico.com,www.frigotrenel.com.ar,"Planta frigorífica en Trenel, La Pampa. Habilitación para exportación.",,Español,,Argentina
Director Comercial,Edgar A. Ciribé S.A.,info@ciribe.com.ar,www.ciriobe.com.ar,Frigorífico exportador de carne vacuna. Certificaciones internacionales de calidad.,,Español,,Argentina
Roberto Mengani - Director Exportaciones,Frigolar S.A.,comex@frigolar.com.ar,www.frigolar.com.ar,Empresa familiar con más de 50 años en La Plata. Productores ganaderos e industriales de carne argentina.,,Español,,Argentina
Gerente Comercial,Frigorífico Avila,avilafrigorifico@gmail.com,www.frigorificoavila.com,"Frigorífico en CABA especializado en venta mayorista de carne vacuna, porcina y aves.",,English,,USA
Francisco Bianchi - Propietario,La Julia Organics,franciscobianchi60@gmail.com,www.lajuliaorganics.com,"Productor de carne orgánica certificada en General Las Heras, Buenos Aires. Más de 20 años de trayectoria.",,English,,USA
Gerente de Ventas,Grupo Romeo S.A.,ventas@gruporomeo.com.ar,www.gruporomeo.com.ar,Productor y exportador de carne premium con certificaciones BRC y HACCP. Enfoque en sustentabilidad.,,Español,,Argentina
Director Comercial,Frigorífico Bermejo S.A.,ventas@fbsa.com.ar,www.frigorificobermejo.com.ar,"Principal frigorífico del norte argentino. Planta industrial en Pichanal, Salta.",,Español,,Argentina
Jose Omar Solasi - Socio Gerente,Vicentin Faenas S.R.L.,viande@ecocarnes.com,www.vicentinsaicf.com.ar,"Matadero y frigorífico en Villa Ocampo, Santa Fe. Parte del grupo Vicentin.",,Español,,Argentina
Director General,Frigorífico SADA,info@sada.com.ar,www.frigorificosada.com.ar,Frigorífico en San Antonio de Areco. Ciclo completo desde cría hasta distribución.,,Español,,Argentina
Gerente Comercial,Frigorífico San Antonio,ventas@frigsanantonio.com.ar,www.frigsanantonio.com.ar,Especializado en faena de corderos y lechones. Provincia de Buenos Aires.,,Español,,Argentina
Gerente Comercial,Carnes J Mendoza SAC,info@carnesjmendoza.com,www.carnesjmendoza.com,Más de 30 años comercializando carnes especiales en Mendoza. Clientes hotelería y gastronomía.,,English,,USA
Gerente General,Frigorífico San Juan,info@frigorificosj.com.ar,www.frigorifico sj.com.ar,Fundado en 1930. Servicios de cámaras y túneles de enfriamiento en San Juan.,,Español,,Argentina
Director Comercial,Secretos del Monte,info@secretosdelmonte.com,www.secretosdelmonte.com,"Productor familiar de jamones y carnes ahumadas en San Rafael, Mendoza.",,English,,USA
Gerente Administración,Frigorífico Aconcagua,contacto@friacon.com,www.friacon.com,80 años de trayectoria en almacenamiento frigorífico en Mendoza. Altos estándares de calidad.,,English,,USA
Director General,Matadero y Frigorífico Arenales CIACSA,info@ciacsa.com.ar,www.ciacsa.com.ar,Frigorífico en provincia de Buenos Aires. Faena y procesamiento de ganado bovino.,,Español,,Argentina
Gerente Comercial,Matadero Olivera S.A.,ventas@mataderoolivera.com.ar,www.mataderoolivera.com.ar,Establecimiento faenador en Buenos Aires con larga trayectoria. Mercado interno.,,Español,,Argentina
Director Comercial,Frigorífico Regional Vildoza S.A.,info@vildoza.com.ar,www.vildoza.com.ar,Frigorífico regional en Buenos Aires. Procesamiento y comercialización de carne.,,Español,,Argentina
Gerente General,Planta Faenadora Bancalari S.A.,contacto@bancalari.com.ar,www.bancalari.com.ar,Planta de faena en Buenos Aires. Servicios de matadero y frigorífico.,,Español,,Argentina
Gerente Comercial,Mirasur S.A.,ventas@mirasur.com.ar,www.mirasur.com.ar,Frigorífico en provincia de Buenos Aires. Producción y distribución de cortes vacunos.,,Español,,Argentina
Director Comercial,Industria Frigorífica Lobos S.A.,info@frigolobos.com.ar,www.frigolobos.com.ar,"Frigorífico en Lobos, Buenos Aires. Faena y procesamiento de ganado.",,Español,,Argentina
Gerente General,Frigorífico y Matadero Chivilcoy S.A.,info@frigochiv.com.ar,www.frigochiv.com.ar,"Planta frigorífica en Parque Industrial de Chivilcoy, Buenos Aires.",,Español,,Argentina
Director General,Establecimiento Faenador del Salado S.A.,contacto@elsalado.com.ar,www.faenadorelsalado.com.ar,Establecimiento de faena en provincia de Buenos Aires. Mercado regional.,,Español,,Argentina
Gerente Comercial,Frigorífico Cañuelas Carnes S.R.L.,ventas@canuelascarnes.com.ar,www.canuelascarnes.com.ar,"Frigorífico en Cañuelas, Buenos Aires. Especializado en cortes frescos.",,Español,,Argentina
Director Comercial,Establecimiento Frigorífico Azul S.A. (EFASA),info@efasa.com.ar,www.efasa.com.ar,"Frigorífico exportador en Azul, Buenos Aires. Habilitación para mercados internacionales.",,Español,,Argentina
Gerente de Ventas,Frigorífico Argentina Alimentos S.A.,ventas@argalimentos.com.ar,www.argalimentos.com.ar,Procesador y comercializador de productos cárnicos. Buenos Aires.,,Español,,Argentina
Director Comercial,Frigorífico Bolívar S.A.,info@frigobolivar.com.ar,www.frigobolivar.com.ar,"Frigorífico en Bolívar, Buenos Aires. Faena de ganado bovino.",,Español,,Argentina
Gerente General,Frigorífico Cordial S.R.L.,contacto@frigocordial.com.ar,www.frigocordial.com.ar,Frigorífico regional. Producción de carne para mercado interno.,,Español,,Argentina
Gerente Comercial,Concordia Carnes S.A.,ventas@concordiacarnes.com.ar,www.concordiacarnes.com.ar,"Frigorífico en Concordia, Entre Ríos. Procesamiento de carne vacuna.",,Español,,Argentina
Presidente,Cooperativa de Trabajo Frigorífico Bragado Ltda.,info@coopbragado.com.ar,www.coopbragado.com.ar,"Cooperativa de trabajadores. Frigorífico en Bragado, Buenos Aires.",,Español,,Argentina
Gerente General,Cooperativa Ganadera Limitada Manuel Gregoret,cooperativa@gregoret.com.ar,www.manuelgregoret.com.ar,Cooperativa de productores ganaderos. Faena y comercialización.,,Español,,Argentina
Director Comercial,Finlar S.A.,info@finlar.com.ar,www.finlar.com.ar,Frigorífico exportador de carne vacuna. Habilitaciones internacionales.,,Español,,Argentina
Gerente de Ventas,Los Valientes S.R.L.,ventas@losvalientes.com.ar,www.losvalientes.com.ar,Frigorífico regional. Producción de carne para mercado interno y exportación.,,Español,,Argentina
Director General,Matadero y Frigorífico Merlo S.A.,info@frigomerlo.com.ar,www.frigomerlo.com.ar,"Establecimiento de faena en Merlo, Buenos Aires.",,Español,,Argentina
Gerente Comercial,Los Leones Agropecuaria S.A.,comercial@losleones.com.ar,www.losleones.com.ar,Empresa agropecuaria con frigorífico propio. Producción integrada.,,Español,,Argentina
Director Comercial,Pacag S.A.,ventas@pacag.com.ar,www.pacag.com.ar,Frigorífico exportador. Procesamiento de carne vacuna de calidad.,,Español,,Argentina
Gerente General,Agrotres S.A.,info@agrotres.com.ar,www.agrotres.com.ar,Empresa agropecuaria con planta de faena. Buenos Aires.,,Español,,Argentina
Gerente General,Matadero Municipal Luis Beltrán S.E.,contacto@luisbeltran.gob.ar,www.mmlb.gob.ar,Matadero municipal en Río Negro. Servicio público de faena.,,Español,,Argentina
Director Comercial,Cundir S.A.,ventas@cundir.com.ar,www.cundir.com.ar,Frigorífico en provincia de Buenos Aires. Mercado interno.,,Español,,Argentina
Gerente Comercial,Agropecuaria Transur S.A.,comercial@transur.com.ar,www.transur.com.ar,Empresa agropecuaria con frigorífico. Producción y distribución de carne.,,Español,,Argentina
Director General,La Puna S.R.L.,info@lapunasrl.com.ar,www.lapunasrl.com.ar,Frigorífico en región norte. Especializado en carne de calidad.,,Español,,Argentina
Gerente de Ventas,Frigorífico Alsina S.A.,ventas@frigoalsina.com.ar,www.frigoalsina.com.ar,"Frigorífico en Alsina, Buenos Aires. Faena y procesamiento.",,Español,,Argentina
Director Comercial,La Muralla China S.A.,export@lamurallachina.com.ar,www.lamurallachina.com.ar,Frigorífico exportador con foco en mercado asiático.,,Español,,Argentina
Gerente General,Matadero Frigorífico Don Raúl S.A.,info@donraul.com.ar,www.donraul.com.ar,Matadero y frigorífico familiar. Buenos Aires.,,Español,,Argentina
Director Comercial,Matadero Frigorífico San Rafael S.A.,ventas@frigosanrafael.com.ar,www.frigosanrafael.com.ar,"Frigorífico en San Rafael, Mendoza. Producción regional.",,Español,,Argentina
Gerente Comercial,Supercarne S.A.,ventas@supercarne.com.ar,www.supercarne.com.ar,Frigorífico y comercializador de carne. Mercado interno.,,Español,,Argentina
Director General,San Isidro S.A.,contacto@sanisidro.com.ar,www.sanisidro.com.ar,Frigorífico en provincia de Buenos Aires. Faena y distribución.,,Español,,Argentina
Gerente Comercial,El Nono S.R.L.,info@elnono.com.ar,www.elnono.com.ar,Frigorífico familiar. Producción de carne para consumo regional.,,Español,,Argentina
Director Comercial,Fri-Nea S.R.L.,ventas@frinea.com.ar,www.frinea.com.ar,Frigorífico en región Noreste. Procesamiento de ganado bovino.,,Español,,Argentina
Gerente de Ventas,El Hueco S.A.,comercial@elhueco.com.ar,www.elhueco.com.ar,Frigorífico regional. Faena y comercialización de carne.,,Español,,Argentina
Director Comercial,Distrimeat S.A.,info@distrimeat.com.ar,www.distrimeat.com.ar,Distribuidor y procesador de carne. Cobertura nacional.,,Español,,Argentina
Gerente General,Sudeste S.A.,ventas@sudeste.com.ar,www.sudeste.com.ar,Frigorífico en región sudeste. Producción de carne vacuna.,,Español,,Argentina
Director Comercial,Guay Meat S.A.,export@guaymeat.com.ar,www.guaymeat.com.ar,Frigorífico exportador. Especializado en cortes premium para exportación.,,Español,,Argentina
Gerente General,Granja Tres Arroyos (GTA),info@gta.com.ar,www.gta.com.ar,Principal productor avícola de Argentina. Exporta 35% de producción a 60 países. Capital Federal.,,Español,,Argentina
Gerente Comercio Exterior,Indavisa S.A.,comercio.exterior@indavisa.com.ar,www.indavisa.com.ar,"Empresa avícola integrada con más de 50 años. Hernandarias, Entre Ríos.",,Español,,Argentina
Gerente Exportaciones,Avex S.A.,info@avex.com.ar,www.avexsa.com,"Exportador líder de pollo congelado. Planta de procesamiento en Río Cuarto, Córdoba.",,Español,,Argentina
Director Comercial,Avícola Santa Bárbara,ventas@avicolasantabarbara.com.ar,www.avicolasantabarbara.com.ar,Productor avícola integrado. Producción y comercialización,,Español,,Argentina
No,"de pollo.""",,,,,English,,USA
Gerente General,Criar S.R.L.,contacto@criarsrl.com,www.criarsrl.com,Frigorífico avícola. Procesamiento y distribución de productos avícolas.,,English,,USA
Gerente Comercial,Domvil S.A.,info@domvil.com.ar,www.domvil.com.ar,Productor y procesador de aves. Especializado en mercado interno.,,Español,,Argentina
Director Comercial,Frigorífico Avícola Basavilbaso S.A.,info@sedeamericana.com.ar,www.sedeamericana.com.ar,"Frigorífico avícola en Basavilbaso, Entre Ríos. Procesamiento y distribución.",,Español,,Argentina
Gerente de Ventas,Bonnin Hnos. S.A.,info@bonninhnos.com.ar,www.bonninhnos.com.ar,Empresa familiar avícola. Producción integrada de pollos.,,Español,,Argentina
Marcelo Perassi - Gerente,Compañía Avícola S.A.,marcelo.perassi@grupocem.com.ar,www.grupocem.com.ar,Parte del Grupo CEM. Producción avícola a gran escala.,,Español,,Argentina
Director General,Avícola Olmo,info@avicolaolmo.com.ar,www.avicolaolmo.com,Productor avícola regional. Especializado en pollos frescos.,,Español,,Argentina
Gerente Comercial,Alibue S.A.,info@alibue.com.ar,www.alibue.com.ar,Frigorífico avícola. Procesamiento y comercialización.,,Español,,Argentina
Director Comercial,Granja Carnave S.A.,info@carnave.com.ar,www.carnave.com.ar,Granja avícola integrada. Producción de pollos parrilleros.,,Español,,Argentina
Gerente General,Frigorífico Mark S.A.,info@frigorificomark.com,www.frigorificomark.com,Procesador de aves. Especializado en productos congelados.,,English,,USA
Gerente Cooperativa,Unión Agrícola Avellaneda Coop. Ltda.,ppa@uaa.com.ar,www.uaa.com.ar,Cooperativa agrícola con producción avícola. Provincia de Buenos Aires.,,Español,,Argentina
Gerente de Ventas,Cerdo de los Llanos SAPEM,ventas@cerdodelosllanoslr.com,www.cerdodelosllanos.com.ar,"Líder en producción porcina. Granja principal en Chepes, La Rioja. Una de las 12 más grandes del país.",,Español,,Argentina
Director General,Isowean S.A.,contacto@isowean.com.ar,www.isowean.com.ar,"Granja porcina más grande de Argentina con 13,000 madres. Monte Buey, Córdoba.",,Español,,Argentina
Gerente Comercial,Ceryvac S.A.,ventas@ceryvac.com.ar,www.ceryvac.com.ar,"Tercer productor de carne porcina. Planta en Virrey del Pino, Buenos Aires. 221,351 cabezas/año.",,Español,,Argentina
Director Comercial,Alimentaria La Pompeya,info@lapompeya.com.ar,www.lapompeya.com.ar,"Segundo productor porcino de Argentina. 310,720 animales faenados en 2023.",,Español,,Argentina
Gerente de Ventas,Carnes Porcinas Seleccionadas - Cabaña Argentina,ventas@cabanaargentina.com.ar,www.cabanaargentina.com.ar,Productor de carne porcina premium. Marca reconocida en el mercado.,,Español,,Argentina
Director Comercial,La Piamontesa,info@lapiamontesa.com.ar,www.lapiamontesa.com.ar,Productor porcino de calidad. Tradición italiana en Argentina.,,Español,,Argentina
Gerente General,Campo Austral,ventas@campoaustral.com.ar,www.campoaustral.com.ar,Productor de carne porcina patagónica. Calidad premium.,,Español,,Argentina
Director Comercial,INC Sociedad Anónima,comercial@incsa.com.ar,www.incsa.com.ar,Productor porcino integrado. Entre los 10 principales del país.,,Español,,Argentina
Gerente de Producción,Establecimiento Porcal,info@porcal.com.ar,www.porcal.com.ar,Primera granja con certificado de bienestar animal porcino en Argentina.,,Español,,Argentina
Director de Granja,Cabaña Santa Rita,contacto@cabsantarita.com.ar,www.cabsantarita.com.ar,Granja porcina con +800 madres. Tecnología RFID. Tratamiento sustentable.,,Español,,Argentina
Gerente Comercial,Gestión Porcina,info@gestionporcina.com.ar,www.gestionporcina.com.ar,Servicio integral a productores de cerdos. Córdoba. Comercialización de semen y productos veterinarios.,,Español,,Argentina
Director General,SR Frigorífico S.R.L.,info@srfrigorifico.com.ar,www.srfrigorifico.com.ar,Frigorífico en Neuquén Capital. Fundado en 1997. Proveedor regional consolidado.,,Español,,Argentina
Gerente Comercial,Frigoríficos Catriel,frigorificocatriel@hotmail.com,www.frigocatriel.com.ar,"Frigorífico en Catriel, Neuquén. Procesamiento de carne vacuna.",,Español,,Argentina
Director General,Frigorífico Centenario S.A.,info@frigocent.com.ar,www.frigocent.com.ar,"Frigorífico en Colonia Centenario, Neuquén. Faena bovina.",,Español,,Argentina
Gerente General,Fridevi S.A.,info@fridevi.com.ar,www.fridevi.com.ar,"Frigorífico exportador en Viedma, Río Negro. Habilitación para múltiples mercados.",,Español,,Argentina
Presidente Cooperativa,Cooperativa de Trabajo Frigorífico J.J. Gómez Ltda.,info@frigojjgomez.com.ar,www.frigojjgomez.com.ar,"Cooperativa de trabajo en General Roca, Río Negro. Faena bovina.",,Español,,Argentina
Gerente Comercial,Frigorífico Río Negro - FRIBEBA S.A.,ventas@fribeba.com.ar,www.fribeba.com.ar,Frigorífico en San Carlos de Bariloche. Producción patagónica.,,Español,,Argentina
Director Comercial,Frigorífico Allen Frut SRL,info@allenfrut.com.ar,www.allenfrut.com.ar,"Frigorífico en Allen, Río Negro. Procesamiento de carne regional.",,Español,,Argentina
Gerente General,Frigorífico Cervantes S.A.,contacto@frigocervantes.com.ar,www.frigocervantes.com.ar,"Frigorífico en Cervantes, Río Negro. Faena y distribución.",,Español,,Argentina
Director Comercial,Frigorífico Gaiman S.R.L.,frigorificogaiman@hotmail.com,www.frigorificogaiman.com,"Produce carne vacuna, porcina y ovina. Gaiman, Chubut.",,English,,USA
Gerente General,Matadero Brunt SRL,info@brunt.com.ar,www.brunt.com.ar,"Matadero en Gaiman, Chubut. Servicios de faena regional.",,Español,,Argentina
Gerente de Ventas,Frigorífico Trelew,ventas@frigotrelew.com.ar,www.frigotrelew.com.ar,"Venta de carne vacuna, pollo y cerdo. Trelew, Chubut.",,Español,,Argentina
Director Exportaciones,Frigorífico Puerto Madryn S.A.,fpmadryn@fpmadryn.com,www.fpmadryn.com,Frigorífico de exportación especializado en corderos patagónicos. Puerto Madryn.,,English,,USA
Gerente Comercial,Frigorífico Hermoso,ventas@frigohermoso.com.ar,www.frigohermoso.com.ar,"Frigorífico en Comodoro Rivadavia, Chubut. Carne patagónica.",,Español,,Argentina
Director General,Frigorífico Arroyo,info@frigoarroyo.com.ar,www.frigoarroyo.com.ar,Frigorífico en Puerto Madryn. Procesamiento de carne regional.,,Español,,Argentina
Marcelo Camiletti - Apoderado,Frigorífico Formosa,info@frigoformosa.com.ar,www.frigoformosa.com.ar,Planta frigorífica en Parque Industrial de Formosa. Habilitación federal.,,Español,,Argentina
Gerente General,Frigorífico La Rural SRL,contacto@frigorural.com.ar,www.frigorural.com.ar,Frigorífico en Formosa. Procesamiento de ganado bovino.,,Español,,Argentina
Director Comercial,Frigorífico Norte SRL,ventas@frigonorte.com.ar,www.frigonorte.com.ar,Frigorífico en Formosa. Faena y distribución regional.,,Español,,Argentina
Propietario,Guglielmone Julio Cesar,info@guglielmone.com.ar,www.guglielmone.com.ar,Frigorífico familiar en Formosa. Producción artesanal.,,Español,,Argentina
Gerente de Ventas,Frigorífico Don Silvio,ventas@donsilvio.com.ar,www.donsilvio.com.ar,Distribuidor mayorista y minorista. Gran Buenos Aires y CABA. Carne vacuna y cerdo premium.,,Español,,Argentina
Director Comercial,Frigorífico 25 de Mayo,ventas@frigorifico25mayo.com.ar,www.frigorifico25demayo.com.ar,"Mayorista de carne vacuna, cerdo y pollo. Avellaneda, Buenos Aires.",,Español,,Argentina
Gerente de Ventas,Distribuidora LA,ventas@distribuidorala.com.ar,www.distribuidorala.com.ar,"Distribuidor de carne, cerdo, avícola y prefritos. Ramos Mejía, Buenos Aires.",,Español,,Argentina
Director General,Frigorífico Orona S.A.,info@orona.com.ar,www.orona.com.ar,Frigorífico regional. Faena y procesamiento de ganado.,,Español,,Argentina
Gerente Comercial,Alba y Co S.A.,comercial@albayco.com.ar,www.albayco.com.ar,Frigorífico exportador. Habilitación para mercados internacionales.,,Español,,Argentina
Presidente,Cooperativa Villa Angela - FRIVA,info@friva.com.ar,www.friva.com.ar,"Cooperativa de productores ganaderos. Frigorífico en Villa Angela, Chaco.",,Español,,Argentina
Gerente Cooperativa,Cooperativa de Trabajo La Foresta Ltda.,contacto@laforesta.com.ar,www.cooplaforesta.com.ar,Cooperativa de trabajo frigorífico. Buenos Aires.,,Español,,Argentina
Presidente,Cooperativa de Trabajo y Consumo Unidos Ltda.,info@coopunidos.com.ar,www.coopunidos.com.ar,Cooperativa frigorífica en Chaco. Gestión cooperativa.,,Español,,Argentina
Gerente General,Cooperativa de Trabajo Puerto Vilelas Ltda.,contacto@puertovilelas.com.ar,www.cooppuertovilelas.com.ar,"Cooperativa de trabajo. Puerto Vilelas, Chaco.",,Español,,Argentina
Director Cooperativa,Cooperativa de Trabajo La Unión Ltda.,info@launion.com.ar,www.cooplaunion.com.ar,Cooperativa frigorífica. Producción cooperativa en Chaco.,,Español,,Argentina
Gerente Comercial,Agroservice S.A.,ventas@agroservice.com.ar,www.agroservice.com.ar,Empresa agropecuaria con servicios de faena. Buenos Aires.,,Español,,Argentina
Director Comercial,Pampa Compañía de Carnes,comercial@pampacarnes.com.ar,www.pampacarnes.com.ar,Compañía productora de carne pampeana. Integración vertical.,,Español,,Argentina
Gerente General,Frigorífico Regional General Las Heras S.A.,info@frigolasheras.com.ar,www.frigolasheras.com.ar,Frigorífico regional en Buenos Aires. Faena y procesamiento.,,Español,,Argentina
Director Comercial,Procesadora Ganadera Entrerriana S.A. (PROGESA),exportaciones@progesa.com.ar,www.progesa.com.ar,Procesadora de ganado en Entre Ríos. Exportación de carne vacuna.,,Español,,Argentina
Gerente de Ventas,Frigorífico Maneca S.A.,ventas@maneca.com.ar,www.maneca.com.ar,Frigorífico exportador. Participación en Cuota Hilton.,,Español,,Argentina
Director General,Guaicos S.A.I.C.I.F.,info@guaicos.com.ar,www.guaicos.com.ar,Frigorífico exportador de carne vacuna. Habilitaciones internacionales.,,Español,,Argentina
Gerente Comercial,Catter Meat S.A.,comercial@cattermeat.com.ar,www.cattermeat.com.ar,Frigorífico especializado en cortes premium para exportación.,,Español,,Argentina
Gerente General,Frigorífico EliMax,info@elimax.com.ar,www.elimax.com.ar,"Frigorífico inaugurado en 2025. Parque Industrial Trelew, Chubut. Carne envasada.",,Español,,Argentina
Director Comercial,Frigorífico Lusiana,ventas@lusiana.com.ar,www.lusiana.com.ar,"Frigorífico en Zapala, Neuquén. Producción regional.",,Español,,Argentina
Gerente de Producción,Frigorífico Andino,info@frigoandino.com.ar,www.frigoandino.com.ar,"Frigorífico en Junín de los Andes, Neuquén. Carne de montaña.",,Español,,Argentina
Gerente Comercial,Frigorífico Sur Argentino Mayorista,mayorista@surargentino.com.ar,www.surargentino.com.ar,Distribuidor mayorista en Neuquén. Carne patagónica.,,Español,,Argentina
Director,Matadero Municipal Apolinario Saravia,matadero@saravia.gob.ar,www.munisaravia.gob.ar,Matadero municipal en Salta. Servicio público de faena.,,Español,,Argentina
Gerente,Matadero Municipal El Quebrachal,matadero@quebrachal.gob.ar,www.elquebrachal.gob.ar,"Matadero municipal. Unidad Ejecutora Municipal, Salta.",,Español,,Argentina
Director Ejecutivo,Ente Frigorífico Chicoana,frigorifico@chicoana.gob.ar,www.chicoana.gob.ar,"Ente municipal en Chicoana, Salta. Servicios frigoríficos.",,Español,,Argentina
Responsable Técnico,Matadero Municipal Aluminé,matadero@alumine.gob.ar,www.alumine.gob.ar,"Matadero municipal en Aluminé, Neuquén.",,Español,,Argentina
Director,Matadero Municipal Andacollo,matadero@andacollo.gob.ar,www.andacollo.gob.ar,"Matadero municipal en Andacollo, Neuquén.",,Español,,Argentina
Gerente,Matadero Municipal Chos Malal,matadero@chosmalal.gob.ar,www.chosmalal.gob.ar,"Matadero municipal en Chos Malal, Neuquén.",,Español,,Argentina
Responsable,Matadero Municipal Loncopué,matadero@loncopue.gob.ar,www.loncopue.gob.ar,"Matadero municipal en Loncopué, Neuquén.",,Español,,Argentina
Director,Matadero Municipal Zapala,matadero@zapala.gob.ar,www.zapala.gob.ar,"Matadero municipal en Zapala, Neuquén.",,Español,,Argentina
Gerente,Matadero Municipal Valcheta,matadero@valcheta.gob.ar,www.valcheta.gob.ar,"Matadero municipal en Valcheta, Río Negro.",,Español,,Argentina
Jorge - Gerente,Carnes Vireyes,jrn@carnesvireyes.com.ar,www.carnesvireyes.com.ar,Productor de carne premium. Miembro APEA (Asociación Productores Exportadores).,,Español,,Argentina
Jorge Romero - Director,Urien Loza S.A.,jorgeromero@urienloza.com.ar,www.urienloza.com.ar,Productor y exportador de carne. Miembro APEA.,,Español,,Argentina
Gerente Exportaciones,Aliarg S.A. - Argentine Beef,info@carnehereford.com.ar,www.argentinebeef.com.ar,Productor de carne Hereford certificada. Exportador especializado.,,Español,,Argentina
Sebastián Colombini - Gerente,Malefu Agropecuaria S.R.L.,sebastiancolombini@malefu.com.ar,www.malefu.com.ar,Empresa agropecuaria con producción de carne. Miembro APEA.,,Español,,Argentina
Miguel Irigoyen - Director,Panoa S.R.L.,mirigoyen@panoa.com.ar,www.panoa.com.ar,Productor ganadero y exportador. Sistema de producción sustentable.,,Español,,Argentina
Responsable Técnico,Productores de Limangus Argentinos,limangusproliar@speedy.com.ar,www.limangus.com.ar,Asociación de productores de raza Limangus. Carne de calidad genética.,,Español,,Argentina
Gerente General,Frigorífico Estancia Montalvo,info@montalvo.com.ar,www.estanciamontalvo.com.ar,Estancia con frigorífico propio. Producción integrada de carne premium.,,Español,,Argentina
Director Comercial,Frigorífico La Foresta,ventas@laforesta.com.ar,www.laforesta.com.ar,Frigorífico regional en Buenos Aires. Faena y distribución.,,Español,,Argentina
Gerente de Ventas,Frigorífico Los Toldos,comercial@frigolostoldos.com.ar,www.frigolostoldos.com.ar,"Frigorífico en Los Toldos, Buenos Aires. Producción regional.",,Español,,Argentina
Director General,Frigorífico Tandil,info@frigotandil.com.ar,www.frigotandil.com.ar,"Frigorífico en Tandil, Buenos Aires. Carne de la sierra.",,Español,,Argentina
Gerente de Sucursal,Frigolar Villa Elvira,villaelvira@frigolar.com.ar,www.frigolar.com.ar,"Sucursal de Frigolar en Villa Elvira, La Plata. Distribución local.",,Español,,Argentina
Gerente Comercial,Caryder S.A.C.,ventas@caryder.com,www.carydersac.com,"Proveedor mayorista. Carne fresca de res, cerdo y aves. Productos procesados.",,English,,USA
Director General,Granja El Paisanito,info@elpaisanito.com.ar,www.granjaelpaisanito.com.ar,"Carnes de pollo, cerdo y vaca. Tres locales en Moreno, Buenos Aires.",,Español,,Argentina
Gerente de Ventas,La Señalada Carnes,ventas@lasenalada.com,www.lasenalada.com,"Venta mayorista de carne vacuna. Media res, parrillero y mocho.",,English,,USA
Director Comercial,Lizman S.A.,ventas@lizman.com.ar,www.lizman.com.ar,"Venta mayorista de pollos, cerdos y rebozados. Distribuidor integrado.",,Español,,Argentina
Gerente General,Mercado Agroganadero S.A.,info@magargentina.com,www.magargentina.com,Centro de comercialización de ganado y carne. Buenos Aires.,,English,,USA
Gerente Comercial,Frigorífico Coronado,ventas@frigocoronado.com.ar,www.frigocoronado.com.ar,Frigorífico regional. Faena y procesamiento de ganado bovino.,,Español,,Argentina
Director General,Frisar Sociedad Anónima,info@frisar.com.ar,www.frisar.com.ar,Frigorífico integrado. Producción y comercialización de carne.,,Español,,Argentina
Gerente de Estancia,Establecimiento Ganadero El Turbio,contacto@elturbio.com.ar,www.elturbio.com.ar,Estancia ganadera con producción de carne. Sistema pastoril.,,Español,,Argentina
Director Comercial,Frigorífico Regional La Matanza,comercial@frigolamatanza.com.ar,www.frigolamatanza.com.ar,"Frigorífico en La Matanza, Buenos Aires. Mercado metropolitano.",,Español,,Argentina
Gerente General,Frigorífico San Luis,info@frigosanluis.com.ar,www.frigosanluis.com.ar,Frigorífico en San Luis. Producción regional de carne vacuna.,,Español,,Argentina
Director Comercial,Frigorífico Río Cuarto,ventas@frigoriocuarto.com.ar,www.frigoriocuarto.com.ar,"Frigorífico en Río Cuarto, Córdoba. Una de las principales plantas de la región.",,Español,,Argentina
Gerente de Ventas,Frigorífico Bell Ville,comercial@frigobellville.com.ar,www.frigobellville.com.ar,"Frigorífico en Bell Ville, Córdoba. Faena y procesamiento.",,Español,,Argentina
Director General,Cárnica Moreno,info@carnicamoreno.com.ar,www.carnicamoreno.com.ar,"Distribuidor mayorista en Moreno, Buenos Aires. Carne vacuna y porcina.",,Español,,Argentina
Gerente Comercial,Frigorífico Villa María,ventas@frigovillamaria.com.ar,www.frigovillamaria.com.ar,"Frigorífico en Villa María, Córdoba. Carnes de primera calidad.",,Español,,Argentina
